Large Family Apart Komputerowa	Komputerowa 7A m. 41 д2 о3
K22 Komputerowa 7 Chopin Airport	Komputerowa 7 m. 133 д2
Sky Apartments in the Warsaw	Komputerowa 8 m. 127 д1 о1
Komputerowa Warsaw Apartments	Komputerowa 8 m. 278 д2
Postępu 10 Aparts Warsaw	Postępu 10 m. 91A д1
Postępu 10 Chopin Airport	Postępu 10 m. 91C д1
Cybernetics 2F Chopin Airport	Cybernetyki 2F m.237  д2
Domaniewska Apart Chopin Airport	Domaniewska 47a m.145 д2
Chopin Airport Apart C	Pieńkowskiego 5, m. 108 C д2
Galeria Mokot Apart A	Pieńkowskiego 5, m. 108 A д2
Airport Chopin Apart B	Pieńkowskiego 5, m. 108 B д1о1
Galeria Mokotów Modzelewskiego  A	Modzelewskiego 23 m.42А д2
Airport Mokotów Modzelewskiego B	Modzelewskiego 23 m.42В д2
Al. Niepodległości -Wierzbno	Al. Niepodległości 67 m. 164 д3
Park Mokotow Aparts	Batorego 18 m. 107 д1
Apartaments Pole Mokotowskie	Batorego 31 m. 130 д2 о2
Mokotów Classik Aparts	Bachmacka 4 m. 62 д2
Park Lazienki Aparts in Warsaw	Parkowa 11 m. 13 д1
Anders Apart Warsaw	Gen. W. Andersa 12 м 49 д1
Zgoda 13 Lite centrum Warszawy	Zgoda 13, m 56 д2
Muzeum Apart Warsaw	Emilii Plater 36 m. 59 д1
VIP Centrum Open-space Bagno	Bagno 2 m 124 д2 в/з
Apartments centrum Warszawy	Bagno 3 m. 9 д1
Pałac Kultury i Nauki /Bagno	Bagno 7 m.45 д1
Al Jana Pawła II Apartments 1	Al. Jana Pawła II 63 m. 55 / 1 д1о1
Al Jana Pawła II Apartments 2	Al. Jana Pawła II 63 m. 55 / 2 д1
Marszalkowska 111 Apartment Centrum Warszawa	Marszałkowska 111A m.520 д2
Sky Apartment	Łucka 15 m.2504 д2 02
Grzybowska pokoje Centrum 1	Grzybowska 5 m. 1406/1 д1
Grzybowska pokoje Centrum 2	Grzybowska 5 m. 1406/2 д1
Grzybowska pokoje Centrum 3	Grzybowska 5 m. 1406/3 о2
Warszawa Zachodnia Sławinska 502	Sławińska 6 m. 502 д1
Slawinska SunSity Apart Warsaw 503	Sławińska 6 m. 503 д1
Slawinska Apart in the Warsaw 504	Sławińska 6 m. 504 д1
Apart in Warsaw Slawinska 505	Sławińska 6 m. 505 д1 В/З
Art Apart Slawinska 506	Sławińska 6 m. 506 д2
Large Apart Slawinska 507	Sławińska 6 m. 507 д2
Large Apart Slawinska 509	Sławińska 6 m. 509 д2
EXPO XXI Slawinska 6/510	Sławińska 6 m. 501 д2
Wola Slawinska 6/508	Sławińska 6 m. 508  д1 о1
Filtrowa Apart Warsaw	Filtrowa 62 kl.-19 m. 134 д2
Kasprzaka 529 Waw Zachodnia	Kasprzaka Street, 29A м 529 д3
Kasprzaka 629 Waw Zachodnia	Kasprzaka Street, 29A м 629 д2
Warszawa Zachodnia Sękocińska	Sękocińska 11A . 13A д1
Warsaw Central West Sękocińska 13B	Sękocińska 11A . 13B д1
